<bpy>
  <Theme>
    <user_interface>
      <ThemeUserInterface
        menu_shadow_fac="0.4"
        menu_shadow_width="16"
        icon_alpha="1"
        icon_saturation="0"
        widget_emboss="#14141400"
        editor_outline="#141414"
        widget_text_cursor="#a3865a"
        panel_roundness="0.4"
        transparent_checker_primary="#333333"
        transparent_checker_secondary="#262626"
        transparent_checker_size="8"
        axis_x="#ff3352"
        axis_y="#8bdc00"
        axis_z="#2890ff"
        gizmo_hi="#ffffff"
        gizmo_primary="#ffff00"
        gizmo_secondary="#00ffff"
        gizmo_view_align="#ffffff"
        gizmo_a="#3d993d"
        gizmo_b="#993d3d"
        icon_scene="#ffffffff"
        icon_collection="#ffffffff"
        icon_object="#ffffffff"
        icon_object_data="#ffffffff"
        icon_modifier="#ffffffff"
        icon_shading="#ffffffff"
        icon_folder="#cc9966ff"
        icon_border_intensity="0.306358"
        >
        <wcol_regular>
          <ThemeWidgetColors
            outline="#3d3d3dff"
            inner="#2f2f2fff"
            inner_sel="#a3865aff"
            item="#a3865aff"
            text="#ffffff"
            text_sel="#ffffff"
            show_shaded="TRUE"
            shadetop="0"
            shadedown="0"
            roundness="0.4"
            >
          </ThemeWidgetColors>
        </wcol_regular>
        <wcol_tool>
          <ThemeWidgetColors
            outline="#3d3d3dff"
            inner="#2f2f2fff"
            inner_sel="#a3865aff"
            item="#a3865aff"
            text="#ffffff"
            text_sel="#ffffff"
            show_shaded="TRUE"
            shadetop="0"
            shadedown="0"
            roundness="0.4"
            >
          </ThemeWidgetColors>
        </wcol_tool>
        <wcol_toolbar_item>
          <ThemeWidgetColors
            outline="#3d3d3dff"
            inner="#000000ff"
            inner_sel="#a3865aff"
            item="#b6b6b6ff"
            text="#ffffff"
            text_sel="#a3865a"
            show_shaded="TRUE"
            shadetop="0"
            shadedown="0"
            roundness="0.4"
            >
          </ThemeWidgetColors>
        </wcol_toolbar_item>
        <wcol_radio>
          <ThemeWidgetColors
            outline="#3d3d3dff"
            inner="#2f2f2fff"
            inner_sel="#a3865aff"
            item="#a3865aff"
            text="#ffffff"
            text_sel="#ffffff"
            show_shaded="TRUE"
            shadetop="0"
            shadedown="0"
            roundness="0.4"
            >
          </ThemeWidgetColors>
        </wcol_radio>
        <wcol_text>
          <ThemeWidgetColors
            outline="#3d3d3dff"
            inner="#1d1d1dff"
            inner_sel="#1d1d1dff"
            item="#a3865aff"
            text="#ffffff"
            text_sel="#ffffff"
            show_shaded="TRUE"
            shadetop="0"
            shadedown="0"
            roundness="0.4"
            >
          </ThemeWidgetColors>
        </wcol_text>
        <wcol_option>
          <ThemeWidgetColors
            outline="#000000ff"
            inner="#2f2f2fff"
            inner_sel="#c9b6a9ff"
            item="#000000ff"
            text="#ffffff"
            text_sel="#ffffff"
            show_shaded="TRUE"
            shadetop="0"
            shadedown="0"
            roundness="0.4"
            >
          </ThemeWidgetColors>
        </wcol_option>
        <wcol_toggle>
          <ThemeWidgetColors
            outline="#3d3d3dff"
            inner="#2f2f2fff"
            inner_sel="#a3865aff"
            item="#000000ff"
            text="#ffffff"
            text_sel="#ffffff"
            show_shaded="TRUE"
            shadetop="0"
            shadedown="0"
            roundness="0.4"
            >
          </ThemeWidgetColors>
        </wcol_toggle>
        <wcol_num>
          <ThemeWidgetColors
            outline="#3d3d3dff"
            inner="#2f2f2fff"
            inner_sel="#1d1d1dff"
            item="#a3865aff"
            text="#ffffff"
            text_sel="#ffffff"
            show_shaded="TRUE"
            shadetop="0"
            shadedown="0"
            roundness="0.4"
            >
          </ThemeWidgetColors>
        </wcol_num>
        <wcol_numslider>
          <ThemeWidgetColors
            outline="#3d3d3dff"
            inner="#2f2f2fff"
            inner_sel="#1d1d1dff"
            item="#a3865aff"
            text="#ffffff"
            text_sel="#ffffff"
            show_shaded="TRUE"
            shadetop="0"
            shadedown="0"
            roundness="0.4"
            >
          </ThemeWidgetColors>
        </wcol_numslider>
        <wcol_box>
          <ThemeWidgetColors
            outline="#3d3d3dff"
            inner="#000000ff"
            inner_sel="#a3865aff"
            item="#a3865aff"
            text="#ffffff"
            text_sel="#ffffff"
            show_shaded="TRUE"
            shadetop="0"
            shadedown="0"
            roundness="0.4"
            >
          </ThemeWidgetColors>
        </wcol_box>
        <wcol_menu>
          <ThemeWidgetColors
            outline="#3d3d3dff"
            inner="#000000ff"
            inner_sel="#a3865aff"
            item="#ffffffff"
            text="#ffffff"
            text_sel="#ffffff"
            show_shaded="TRUE"
            shadetop="0"
            shadedown="0"
            roundness="0.4"
            >
          </ThemeWidgetColors>
        </wcol_menu>
        <wcol_pulldown>
          <ThemeWidgetColors
            outline="#3d3d3dff"
            inner="#2f2f2fff"
            inner_sel="#a3865aff"
            item="#a3865aff"
            text="#ffffff"
            text_sel="#ffffff"
            show_shaded="TRUE"
            shadetop="0"
            shadedown="0"
            roundness="0.4"
            >
          </ThemeWidgetColors>
        </wcol_pulldown>
        <wcol_menu_back>
          <ThemeWidgetColors
            outline="#3d3d3dff"
            inner="#141414ff"
            inner_sel="#a3865aff"
            item="#a3865aff"
            text="#ffffff"
            text_sel="#ffffff"
            show_shaded="TRUE"
            shadetop="0"
            shadedown="0"
            roundness="0.4"
            >
          </ThemeWidgetColors>
        </wcol_menu_back>
        <wcol_pie_menu>
          <ThemeWidgetColors
            outline="#3d3d3dff"
            inner="#141414ff"
            inner_sel="#a3865aff"
            item="#a3865aff"
            text="#ffffff"
            text_sel="#ffffff"
            show_shaded="TRUE"
            shadetop="0"
            shadedown="0"
            roundness="0.4"
            >
          </ThemeWidgetColors>
        </wcol_pie_menu>
        <wcol_tooltip>
          <ThemeWidgetColors
            outline="#3d3d3dff"
            inner="#141414ff"
            inner_sel="#a3865aff"
            item="#a3865aff"
            text="#ffffff"
            text_sel="#ffffff"
            show_shaded="TRUE"
            shadetop="0"
            shadedown="0"
            roundness="0.4"
            >
          </ThemeWidgetColors>
        </wcol_tooltip>
        <wcol_menu_item>
          <ThemeWidgetColors
            outline="#a3865aff"
            inner="#a3865a00"
            inner_sel="#a3865aff"
            item="#a3865aff"
            text="#ffffff"
            text_sel="#ffffff"
            show_shaded="TRUE"
            shadetop="0"
            shadedown="0"
            roundness="0.4"
            >
          </ThemeWidgetColors>
        </wcol_menu_item>
        <wcol_scroll>
          <ThemeWidgetColors
            outline="#3d3d3dff"
            inner="#30303000"
            inner_sel="#a3865aff"
            item="#a3865aff"
            text="#ffffff"
            text_sel="#ffffff"
            show_shaded="TRUE"
            shadetop="0"
            shadedown="0"
            roundness="0.4"
            >
          </ThemeWidgetColors>
        </wcol_scroll>
        <wcol_progress>
          <ThemeWidgetColors
            outline="#3d3d3dff"
            inner="#2f2f2fff"
            inner_sel="#a3865aff"
            item="#a3865aff"
            text="#ffffff"
            text_sel="#ffffff"
            show_shaded="TRUE"
            shadetop="0"
            shadedown="0"
            roundness="0.4"
            >
          </ThemeWidgetColors>
        </wcol_progress>
        <wcol_list_item>
          <ThemeWidgetColors
            outline="#3d3d3dff"
            inner="#000000ff"
            inner_sel="#a3865aff"
            item="#a3865aff"
            text="#ffffff"
            text_sel="#ffffff"
            show_shaded="TRUE"
            shadetop="0"
            shadedown="0"
            roundness="0.4"
            >
          </ThemeWidgetColors>
        </wcol_list_item>
        <wcol_state>
          <ThemeWidgetStateColors
            inner_anim="#14cc14"
            inner_anim_sel="#0f990f"
            inner_key="#cccc14"
            inner_key_sel="#99990f"
            inner_driven="#7014cc"
            inner_driven_sel="#540f99"
            inner_overridden="#14cccc"
            inner_overridden_sel="#0f9999"
            inner_changed="#cc7014"
            inner_changed_sel="#99540f"
            blend="0.5"
            >
          </ThemeWidgetStateColors>
        </wcol_state>
        <wcol_tab>
          <ThemeWidgetColors
            outline="#1d1d1dff"
            inner="#1d1d1dff"
            inner_sel="#a3865aff"
            item="#a3865aff"
            text="#ffffff"
            text_sel="#ffffff"
            show_shaded="TRUE"
            shadetop="0"
            shadedown="0"
            roundness="0.4"
            >
          </ThemeWidgetColors>
        </wcol_tab>
      </ThemeUserInterface>
    </user_interface>
    <view_3d>
      <ThemeView3D
        grid="#54545480"
        clipping_border_3d="#3f3f3fff"
        wire="#000000"
        wire_edit="#000000"
        edge_width="1"
        gp_vertex="#000000"
        gp_vertex_select="#000000"
        gp_vertex_size="3"
        text_grease_pencil="#80ff00"
        object_selected="#000000"
        object_active="#000000"
        text_keyframe="#e6e600"
        camera="#000000"
        empty="#000000"
        light="#0000004d"
        speaker="#000000"
        vertex="#000000"
        vertex_select="#000000"
        vertex_active="#000000"
        vertex_size="3"
        vertex_bevel="#0080ff"
        vertex_unreferenced="#000000"
        edge_select="#000000"
        edge_mode_select="#ffd800"
        edge_seam="#d90000"
        edge_sharp="#00ffff"
        edge_crease="#bf00bf"
        edge_bevel="#0080ff"
        edge_facesel="#404040"
        freestyle_edge_mark="#00ff80"
        face="#ffffff03"
        face_select="#0000002e"
        face_mode_select="#ffb70033"
        face_dot="#000000"
        facedot_size="3"
        freestyle_face_mark="#00ff804d"
        face_retopology="#66b3ff0f"
        face_back="#ff0000b3"
        face_front="#0000ff00"
        nurb_uline="#5c991f"
        nurb_vline="#801980"
        nurb_sel_uline="#ffff33"
        nurb_sel_vline="#ff99cc"
        act_spline="#e60000"
        handle_free="#000000"
        handle_auto="#99991f"
        handle_vect="#1f991f"
        handle_sel_vect="#29cc29"
        handle_align="#801980"
        handle_sel_free="#000000"
        handle_sel_auto="#ffff33"
        handle_sel_align="#ff99cc"
        lastsel_point="#ffffff"
        extra_edge_len="#000000"
        extra_edge_angle="#4d4d17"
        extra_face_angle="#0000cc"
        extra_face_area="#174d17"
        editmesh_active="#ffffff33"
        normal="#14cccc"
        vertex_normal="#0066cc"
        split_normal="#e617e6"
        bone_pose="#14cccc"
        bone_pose_active="#80ffff"
        bone_solid="#bfbfbf"
        bone_locked_weight="#ff0000b3"
        bundle_solid="#bfbfbf"
        camera_path="#000000"
        camera_passepartout="#000000"
        skin_root="#b34747"
        view_overlay="#000000"
        transform="#ffffff"
        frame_current="#a3865a"
        paint_curve_handle="#bfff804d"
        paint_curve_pivot="#ff80804d"
        outline_width="1"
        object_origin_size="6"
        >
        <space>
          <ThemeSpaceGradient
            title="#ffffff"
            text="#ffffff"
            text_hi="#ffffff"
            header="#282828b3"
            header_text="#ffffff"
            header_text_hi="#ffffff"
            button="#30303000"
            button_title="#ffffff"
            button_text="#ffffff"
            button_text_hi="#ffffff"
            navigation_bar="#1d1d1dff"
            execution_buts="#303030ff"
            tab_active="#303030"
            tab_inactive="#1d1d1d"
            tab_back="#1d1d1db3"
            tab_outline="#3d3d3dff"
            >
            <gradients>
              <ThemeGradientColors
                background_type="SINGLE_COLOR"
                high_gradient="#3d3d3d"
                gradient="#303030"
                >
              </ThemeGradientColors>
            </gradients>
            <panelcolors>
              <ThemePanelColors
                header="#000000b3"
                back="#000000b3"
                sub_back="#0000001a"
                >
              </ThemePanelColors>
            </panelcolors>
          </ThemeSpaceGradient>
        </space>
        <asset_shelf>
          <ThemeAssetShelf
            header_back="#1d1d1dff"
            back="#303030ff"
            >
          </ThemeAssetShelf>
        </asset_shelf>
      </ThemeView3D>
    </view_3d>
    <graph_editor>
      <ThemeGraphEditor
        grid="#303030"
        frame_current="#a3865a"
        time_scrub_background="#141414b3"
        time_marker_line="#ffffff4d"
        time_marker_line_selected="#ffffffb3"
        window_sliders="#808080"
        channels_region="#282828"
        dopesheet_channel="#a3865a"
        dopesheet_subchannel="#b6967a"
        channel_group="#408060"
        active_channels_group="#33664d"
        preview_range="#00000066"
        vertex="#000000"
        vertex_select="#000000"
        vertex_active="#ffffff"
        vertex_size="6"
        vertex_bevel="#000000"
        vertex_unreferenced="#000000"
        handle_free="#000000"
        handle_auto="#99991f"
        handle_vect="#1f991f"
        handle_sel_vect="#29cc29"
        handle_align="#801980"
        handle_sel_free="#000000"
        handle_sel_auto="#ffff33"
        handle_sel_align="#ff99cc"
        handle_auto_clamped="#993d3d"
        handle_sel_auto_clamped="#e6c3a1"
        lastsel_point="#ffffff"
        handle_vertex="#000000"
        handle_vertex_select="#000000"
        handle_vertex_size="6"
        >
        <space>
          <ThemeSpaceGeneric
            back="#282828"
            title="#ffffff"
            text="#ffffff"
            text_hi="#ffffff"
            header="#303030ff"
            header_text="#ffffff"
            header_text_hi="#ffffff"
            button="#30303000"
            button_title="#ffffff"
            button_text="#ffffff"
            button_text_hi="#ffffff"
            navigation_bar="#1d1d1dff"
            execution_buts="#303030ff"
            tab_active="#303030"
            tab_inactive="#1d1d1d"
            tab_back="#1d1d1db3"
            tab_outline="#3d3d3dff"
            >
            <panelcolors>
              <ThemePanelColors
                header="#000000ff"
                back="#000000ff"
                sub_back="#0000001a"
                >
              </ThemePanelColors>
            </panelcolors>
          </ThemeSpaceGeneric>
        </space>
        <space_list>
          <ThemeSpaceListGeneric
            list="#282828"
            list_title="#ffffff"
            list_text="#ffffff"
            list_text_hi="#000000"
            >
          </ThemeSpaceListGeneric>
        </space_list>
      </ThemeGraphEditor>
    </graph_editor>
    <file_browser>
      <ThemeFileBrowser
        selected_file="#a3865a"
        row_alternate="#0000001a"
        >
        <space>
          <ThemeSpaceGeneric
            back="#282828"
            title="#ffffff"
            text="#ffffff"
            text_hi="#ffffff"
            header="#303030ff"
            header_text="#ffffff"
            header_text_hi="#ffffff"
            button="#30303000"
            button_title="#ffffff"
            button_text="#ffffff"
            button_text_hi="#ffffff"
            navigation_bar="#1d1d1dff"
            execution_buts="#303030ff"
            tab_active="#303030"
            tab_inactive="#1d1d1d"
            tab_back="#1d1d1db3"
            tab_outline="#3d3d3dff"
            >
            <panelcolors>
              <ThemePanelColors
                header="#000000ff"
                back="#000000ff"
                sub_back="#0000001a"
                >
              </ThemePanelColors>
            </panelcolors>
          </ThemeSpaceGeneric>
        </space>
      </ThemeFileBrowser>
    </file_browser>
    <nla_editor>
      <ThemeNLAEditor
        grid="#303030"
        view_sliders="#bfbfbf"
        dopesheet_channel="#5b4b3d"
        dopesheet_subchannel="#7d98b3"
        nla_track="#1d1d1d"
        active_action="#00000066"
        active_action_unset="#00000066"
        preview_range="#00000066"
        strips="#141414"
        strips_selected="#000000"
        transition_strips="#1f2933"
        transition_strips_selected="#2b82d9"
        meta_strips="#332640"
        meta_strips_selected="#5c1f99"
        sound_strips="#2d4036"
        sound_strips_selected="#208050"
        tweak="#00ff00"
        tweak_duplicate="#ff0000"
        keyframe_border="#000000ff"
        keyframe_border_selected="#000000ff"
        frame_current="#a3865a"
        time_scrub_background="#141414b3"
        time_marker_line="#ffffff4d"
        time_marker_line_selected="#ffffffb3"
        >
        <space>
          <ThemeSpaceGeneric
            back="#282828"
            title="#ffffff"
            text="#ffffff"
            text_hi="#ffffff"
            header="#303030ff"
            header_text="#ffffff"
            header_text_hi="#ffffff"
            button="#30303000"
            button_title="#ffffff"
            button_text="#ffffff"
            button_text_hi="#ffffff"
            navigation_bar="#1d1d1dff"
            execution_buts="#303030ff"
            tab_active="#303030"
            tab_inactive="#1d1d1d"
            tab_back="#1d1d1db3"
            tab_outline="#3d3d3dff"
            >
            <panelcolors>
              <ThemePanelColors
                header="#000000ff"
                back="#000000ff"
                sub_back="#0000001a"
                >
              </ThemePanelColors>
            </panelcolors>
          </ThemeSpaceGeneric>
        </space>
        <space_list>
          <ThemeSpaceListGeneric
            list="#282828"
            list_title="#ffffff"
            list_text="#ffffff"
            list_text_hi="#000000"
            >
          </ThemeSpaceListGeneric>
        </space_list>
      </ThemeNLAEditor>
    </nla_editor>
    <dopesheet_editor>
      <ThemeDopeSheet
        grid="#303030"
        frame_current="#a3865a"
        time_scrub_background="#141414b3"
        time_marker_line="#ffffff4d"
        time_marker_line_selected="#ffffffb3"
        value_sliders="#000000"
        view_sliders="#bfbfbf"
        dopesheet_channel="#a3865a80"
        dopesheet_subchannel="#b6967a80"
        channels="#28282880"
        channels_selected="#cccccc80"
        channel_group="#40806080"
        active_channels_group="#4d997380"
        long_key="#ffffff1a"
        long_key_selected="#00000099"
        keyframe="#bfbfbf"
        keyframe_selected="#000000"
        keyframe_extreme="#e6b8cf"
        keyframe_extreme_selected="#ff8080"
        keyframe_breakdown="#b8cfe6"
        keyframe_breakdown_selected="#66b3ff"
        keyframe_jitter="#ace673"
        keyframe_jitter_selected="#81bf43"
        keyframe_movehold="#808080"
        keyframe_movehold_selected="#000000"
        keyframe_border="#000000ff"
        keyframe_border_selected="#000000ff"
        keyframe_scale_factor="1"
        summary="#1d1d1d66"
        preview_range="#00000066"
        interpolation_line="#ace673cc"
        simulated_frames="#731773ff"
        >
        <space>
          <ThemeSpaceGeneric
            back="#282828"
            title="#ffffff"
            text="#ffffff"
            text_hi="#ffffff"
            header="#303030ff"
            header_text="#ffffff"
            header_text_hi="#ffffff"
            button="#30303000"
            button_title="#ffffff"
            button_text="#ffffff"
            button_text_hi="#ffffff"
            navigation_bar="#1d1d1dff"
            execution_buts="#303030ff"
            tab_active="#303030"
            tab_inactive="#1d1d1d"
            tab_back="#1d1d1db3"
            tab_outline="#3d3d3dff"
            >
            <panelcolors>
              <ThemePanelColors
                header="#000000ff"
                back="#000000ff"
                sub_back="#0000001a"
                >
              </ThemePanelColors>
            </panelcolors>
          </ThemeSpaceGeneric>
        </space>
        <space_list>
          <ThemeSpaceListGeneric
            list="#282828"
            list_title="#ffffff"
            list_text="#ffffff"
            list_text_hi="#000000"
            >
          </ThemeSpaceListGeneric>
        </space_list>
      </ThemeDopeSheet>
    </dopesheet_editor>
    <image_editor>
      <ThemeImageEditor
        grid="#303030ff"
        vertex="#000000"
        vertex_select="#000000"
        vertex_active="#000000"
        vertex_size="3"
        vertex_bevel="#000000"
        vertex_unreferenced="#000000"
        face="#ffffff03"
        face_select="#0000002e"
        face_mode_select="#00000000"
        face_dot="#000000"
        facedot_size="3"
        freestyle_face_mark="#00ff804d"
        face_retopology="#00000000"
        face_back="#00000000"
        face_front="#00000000"
        editmesh_active="#ffffff33"
        wire_edit="#bfbfbf"
        edge_width="1"
        edge_select="#000000"
        scope_back="#808080ff"
        preview_stitch_face="#40800033"
        preview_stitch_edge="#ff008033"
        preview_stitch_vert="#0000ff33"
        preview_stitch_stitchable="#00ff00ff"
        preview_stitch_unstitchable="#ff0000ff"
        preview_stitch_active="#bfbfbf26"
        uv_shadow="#808080ff"
        frame_current="#a3865a"
        metadatabg="#000000"
        metadatatext="#ffffff"
        handle_free="#000000"
        handle_auto="#408000"
        handle_align="#593380"
        handle_sel_free="#000000"
        handle_sel_auto="#ffff33"
        handle_sel_align="#ff99cc"
        handle_auto_clamped="#000000"
        handle_sel_auto_clamped="#000000"
        handle_vertex="#000000"
        handle_vertex_select="#ffff00"
        handle_vertex_size="6"
        paint_curve_handle="#bfff804d"
        paint_curve_pivot="#ff80804d"
        >
        <space>
          <ThemeSpaceGeneric
            back="#282828"
            title="#ffffff"
            text="#ffffff"
            text_hi="#ffffff"
            header="#303030ff"
            header_text="#ffffff"
            header_text_hi="#ffffff"
            button="#30303000"
            button_title="#ffffff"
            button_text="#ffffff"
            button_text_hi="#ffffff"
            navigation_bar="#1d1d1dff"
            execution_buts="#303030ff"
            tab_active="#303030"
            tab_inactive="#1d1d1d"
            tab_back="#1d1d1db3"
            tab_outline="#3d3d3dff"
            >
            <panelcolors>
              <ThemePanelColors
                header="#000000ff"
                back="#000000ff"
                sub_back="#0000001a"
                >
              </ThemePanelColors>
            </panelcolors>
          </ThemeSpaceGeneric>
        </space>
      </ThemeImageEditor>
    </image_editor>
    <sequence_editor>
      <ThemeSequenceEditor
        grid="#282828"
        window_sliders="#bfbfbf"
        movie_strip="#4d4d8c"
        movieclip_strip="#8c4d4d"
        image_strip="#8c6d4d"
        scene_strip="#598033"
        audio_strip="#468080"
        effect_strip="#5f4b73"
        transition_strip="#50458f"
        color_strip="#bfbfbf"
        meta_strip="#6d4d8c"
        mask_strip="#8c4d4d"
        text_strip="#8c4d8c"
        active_strip="#e6e6e6"
        selected_strip="#000000"
        frame_current="#a3865a"
        time_scrub_background="#141414b3"
        time_marker_line="#ffffff4d"
        time_marker_line_selected="#ffffffb3"
        keyframe="#000000"
        keyframe_selected="#ffbe33"
        keyframe_breakdown="#b3dbe8"
        keyframe_breakdown_selected="#54bfed"
        keyframe_movehold="#808080"
        keyframe_movehold_selected="#ffaf23"
        keyframe_border="#000000ff"
        keyframe_border_selected="#000000ff"
        draw_action="#66b3ff"
        preview_back="#000000"
        metadatabg="#000000"
        metadatatext="#ffffff"
        preview_range="#00000066"
        row_alternate="#0000001a"
        >
        <space>
          <ThemeSpaceGeneric
            back="#282828"
            title="#ffffff"
            text="#ffffff"
            text_hi="#ffffff"
            header="#303030ff"
            header_text="#ffffff"
            header_text_hi="#ffffff"
            button="#30303000"
            button_title="#ffffff"
            button_text="#ffffff"
            button_text_hi="#ffffff"
            navigation_bar="#1d1d1dff"
            execution_buts="#303030ff"
            tab_active="#303030"
            tab_inactive="#1d1d1d"
            tab_back="#1d1d1db3"
            tab_outline="#3d3d3dff"
            >
            <panelcolors>
              <ThemePanelColors
                header="#000000ff"
                back="#000000ff"
                sub_back="#0000001a"
                >
              </ThemePanelColors>
            </panelcolors>
          </ThemeSpaceGeneric>
        </space>
        <space_list>
          <ThemeSpaceListGeneric
            list="#282828"
            list_title="#ffffff"
            list_text="#ffffff"
            list_text_hi="#000000"
            >
          </ThemeSpaceListGeneric>
        </space_list>
      </ThemeSequenceEditor>
    </sequence_editor>
    <properties>
      <ThemeProperties
        match="#338033"
        active_modifier="#a3865aff"
        >
        <space>
          <ThemeSpaceGeneric
            back="#303030"
            title="#ffffff"
            text="#ffffff"
            text_hi="#ffffff"
            header="#303030ff"
            header_text="#ffffff"
            header_text_hi="#ffffff"
            button="#30303000"
            button_title="#ffffff"
            button_text="#ffffff"
            button_text_hi="#ffffff"
            navigation_bar="#1d1d1dff"
            execution_buts="#303030ff"
            tab_active="#303030"
            tab_inactive="#1d1d1d"
            tab_back="#1d1d1db3"
            tab_outline="#3d3d3dff"
            >
            <panelcolors>
              <ThemePanelColors
                header="#000000ff"
                back="#000000ff"
                sub_back="#0000001a"
                >
              </ThemePanelColors>
            </panelcolors>
          </ThemeSpaceGeneric>
        </space>
      </ThemeProperties>
    </properties>
    <text_editor>
      <ThemeTextEditor
        line_numbers="#8f8f8f"
        line_numbers_background="#1d1d1d"
        selected_text="#89715c"
        cursor="#000000"
        syntax_builtin="#e64595"
        syntax_symbols="#ff8080"
        syntax_special="#1f991f"
        syntax_preprocessor="#a37acc"
        syntax_reserved="#bf7c39"
        syntax_comment="#8f8f8f"
        syntax_string="#e6e673"
        syntax_numbers="#45e6e6"
        >
        <space>
          <ThemeSpaceGeneric
            back="#282828"
            title="#ffffff"
            text="#ffffff"
            text_hi="#ffffff"
            header="#303030ff"
            header_text="#ffffff"
            header_text_hi="#ffffff"
            button="#30303000"
            button_title="#ffffff"
            button_text="#ffffff"
            button_text_hi="#ffffff"
            navigation_bar="#1d1d1dff"
            execution_buts="#303030ff"
            tab_active="#303030"
            tab_inactive="#1d1d1d"
            tab_back="#1d1d1db3"
            tab_outline="#3d3d3dff"
            >
            <panelcolors>
              <ThemePanelColors
                header="#000000ff"
                back="#000000ff"
                sub_back="#0000001a"
                >
              </ThemePanelColors>
            </panelcolors>
          </ThemeSpaceGeneric>
        </space>
      </ThemeTextEditor>
    </text_editor>
    <node_editor>
      <ThemeNodeEditor
        grid="#303030"
        node_selected="#000000"
        node_active="#ffffff"
        wire="#000000ff"
        wire_inner="#808080"
        wire_select="#ffffffb3"
        selected_text="#ffffff"
        node_backdrop="#303030ff"
        converter_node="#3399ff"
        color_node="#b3b312"
        group_node="#38660a"
        group_socket_node="#000000"
        frame_node="#141414cc"
        matte_node="#993d3d"
        distor_node="#4d9999"
        noodle_curving="4"
        grid_levels="3"
        dash_alpha="0.5"
        input_node="#e6177e"
        output_node="#4d0000"
        filter_node="#500899"
        vector_node="#0066cc"
        texture_node="#cc6600"
        shader_node="#12b312"
        script_node="#264d4d"
        pattern_node="#666666"
        layout_node="#666666"
        geometry_node="#14cccc"
        attribute_node="#0a0a66"
        simulation_zone="#66426633"
        repeat_zone="#76512f33"
        >
        <space>
          <ThemeSpaceGeneric
            back="#282828"
            title="#ffffff"
            text="#ffffff"
            text_hi="#ffffff"
            header="#303030ff"
            header_text="#ffffff"
            header_text_hi="#ffffff"
            button="#30303000"
            button_title="#ffffff"
            button_text="#ffffff"
            button_text_hi="#ffffff"
            navigation_bar="#1d1d1dff"
            execution_buts="#303030ff"
            tab_active="#303030"
            tab_inactive="#1d1d1d"
            tab_back="#1d1d1db3"
            tab_outline="#3d3d3dff"
            >
            <panelcolors>
              <ThemePanelColors
                header="#000000ff"
                back="#000000ff"
                sub_back="#0000001a"
                >
              </ThemePanelColors>
            </panelcolors>
          </ThemeSpaceGeneric>
        </space>
        <space_list>
          <ThemeSpaceListGeneric
            list="#303030"
            list_title="#ffffff"
            list_text="#b8b8b8"
            list_text_hi="#ffaf23"
            >
          </ThemeSpaceListGeneric>
        </space_list>
      </ThemeNodeEditor>
    </node_editor>
    <outliner>
      <ThemeOutliner
        match="#338033"
        selected_highlight="#725e4d"
        active="#a3865a"
        selected_object="#000000"
        active_object="#ffffff"
        edited_object="#0080404d"
        row_alternate="#0000001a"
        >
        <space>
          <ThemeSpaceGeneric
            back="#282828"
            title="#ffffff"
            text="#ffffff"
            text_hi="#ffffff"
            header="#303030ff"
            header_text="#ffffff"
            header_text_hi="#ffffff"
            button="#30303000"
            button_title="#ffffff"
            button_text="#ffffff"
            button_text_hi="#ffffff"
            navigation_bar="#1d1d1dff"
            execution_buts="#303030ff"
            tab_active="#303030"
            tab_inactive="#1d1d1d"
            tab_back="#1d1d1db3"
            tab_outline="#3d3d3dff"
            >
            <panelcolors>
              <ThemePanelColors
                header="#000000ff"
                back="#000000ff"
                sub_back="#0000001a"
                >
              </ThemePanelColors>
            </panelcolors>
          </ThemeSpaceGeneric>
        </space>
      </ThemeOutliner>
    </outliner>
    <info>
      <ThemeInfo
        info_selected="#a3865a"
        info_selected_text="#ffffff"
        info_error="#b33636ff"
        info_error_text="#ffffff"
        info_warning="#b37436ff"
        info_warning_text="#ffffff"
        info_info="#1f4266ff"
        info_info_text="#ffffff"
        info_debug="#632e99ff"
        info_debug_text="#ffffff"
        info_property="#246666ff"
        info_property_text="#ffffff"
        info_operator="#244566ff"
        info_operator_text="#ffffff"
        >
        <space>
          <ThemeSpaceGeneric
            back="#282828"
            title="#ffffff"
            text="#ffffff"
            text_hi="#ffffff"
            header="#303030ff"
            header_text="#ffffff"
            header_text_hi="#ffffff"
            button="#30303000"
            button_title="#ffffff"
            button_text="#ffffff"
            button_text_hi="#ffffff"
            navigation_bar="#1d1d1dff"
            execution_buts="#303030ff"
            tab_active="#303030"
            tab_inactive="#1d1d1d"
            tab_back="#1d1d1db3"
            tab_outline="#3d3d3dff"
            >
            <panelcolors>
              <ThemePanelColors
                header="#000000ff"
                back="#000000ff"
                sub_back="#0000001a"
                >
              </ThemePanelColors>
            </panelcolors>
          </ThemeSpaceGeneric>
        </space>
      </ThemeInfo>
    </info>
    <preferences>
      <ThemePreferences>
        <space>
          <ThemeSpaceGeneric
            back="#303030"
            title="#ffffff"
            text="#ffffff"
            text_hi="#ffffff"
            header="#303030ff"
            header_text="#ffffff"
            header_text_hi="#ffffff"
            button="#00000000"
            button_title="#ffffff"
            button_text="#ffffff"
            button_text_hi="#ffffff"
            navigation_bar="#303030ff"
            execution_buts="#303030ff"
            tab_active="#303030"
            tab_inactive="#1d1d1d"
            tab_back="#1d1d1db3"
            tab_outline="#3d3d3dff"
            >
            <panelcolors>
              <ThemePanelColors
                header="#000000ff"
                back="#000000ff"
                sub_back="#0000001a"
                >
              </ThemePanelColors>
            </panelcolors>
          </ThemeSpaceGeneric>
        </space>
      </ThemePreferences>
    </preferences>
    <console>
      <ThemeConsole
        line_output="#5ca1e6"
        line_input="#ffffff"
        line_info="#7ee617"
        line_error="#e64595"
        cursor="#000000"
        select="#ffffff33"
        >
        <space>
          <ThemeSpaceGeneric
            back="#282828"
            title="#ffffff"
            text="#ffffff"
            text_hi="#ffffff"
            header="#303030ff"
            header_text="#ffffff"
            header_text_hi="#ffffff"
            button="#30303000"
            button_title="#ffffff"
            button_text="#ffffff"
            button_text_hi="#ffffff"
            navigation_bar="#1d1d1dff"
            execution_buts="#303030ff"
            tab_active="#303030"
            tab_inactive="#1d1d1d"
            tab_back="#1d1d1db3"
            tab_outline="#3d3d3dff"
            >
            <panelcolors>
              <ThemePanelColors
                header="#000000ff"
                back="#000000ff"
                sub_back="#0000001a"
                >
              </ThemePanelColors>
            </panelcolors>
          </ThemeSpaceGeneric>
        </space>
      </ThemeConsole>
    </console>
    <clip_editor>
      <ThemeClipEditor
        grid="#141414ff"
        marker_outline="#000000"
        marker="#808000"
        active_marker="#ffffff"
        selected_marker="#ffff00"
        disabled_marker="#800000"
        locked_marker="#808080"
        path_before="#ff0000"
        path_after="#0000ff"
        path_keyframe_before="#ffcccc"
        path_keyframe_after="#ccccff"
        frame_current="#a3865a"
        time_scrub_background="#141414b3"
        time_marker_line="#ffffff4d"
        time_marker_line_selected="#ffffffb3"
        strips="#ffffff"
        strips_selected="#000000"
        metadatabg="#000000"
        metadatatext="#ffffff"
        handle_free="#000000"
        handle_auto="#99991f"
        handle_align="#801980"
        handle_sel_free="#000000"
        handle_sel_auto="#ffff33"
        handle_sel_align="#ff99cc"
        handle_auto_clamped="#b34747"
        handle_sel_auto_clamped="#f2c291"
        handle_vertex="#000000"
        handle_vertex_select="#000000"
        handle_vertex_size="6"
        >
        <space>
          <ThemeSpaceGeneric
            back="#282828"
            title="#ffffff"
            text="#ffffff"
            text_hi="#ffffff"
            header="#303030ff"
            header_text="#ffffff"
            header_text_hi="#ffffff"
            button="#30303000"
            button_title="#ffffff"
            button_text="#ffffff"
            button_text_hi="#ffffff"
            navigation_bar="#1d1d1dff"
            execution_buts="#303030ff"
            tab_active="#303030"
            tab_inactive="#1d1d1d"
            tab_back="#1d1d1db3"
            tab_outline="#3d3d3dff"
            >
            <panelcolors>
              <ThemePanelColors
                header="#000000ff"
                back="#000000ff"
                sub_back="#0000001a"
                >
              </ThemePanelColors>
            </panelcolors>
          </ThemeSpaceGeneric>
        </space>
        <space_list>
          <ThemeSpaceListGeneric
            list="#282828"
            list_title="#ffffff"
            list_text="#ffffff"
            list_text_hi="#000000"
            >
          </ThemeSpaceListGeneric>
        </space_list>
      </ThemeClipEditor>
    </clip_editor>
    <topbar>
      <ThemeTopBar>
        <space>
          <ThemeSpaceGeneric
            back="#282828"
            title="#ffffff"
            text="#ffffff"
            text_hi="#ffffff"
            header="#141414ff"
            header_text="#ffffff"
            header_text_hi="#ffffff"
            button="#30303000"
            button_title="#ffffff"
            button_text="#ffffff"
            button_text_hi="#ffffff"
            navigation_bar="#1d1d1dff"
            execution_buts="#303030ff"
            tab_active="#303030"
            tab_inactive="#1d1d1d"
            tab_back="#1d1d1db3"
            tab_outline="#3d3d3dff"
            >
            <panelcolors>
              <ThemePanelColors
                header="#000000ff"
                back="#000000ff"
                sub_back="#0000001a"
                >
              </ThemePanelColors>
            </panelcolors>
          </ThemeSpaceGeneric>
        </space>
      </ThemeTopBar>
    </topbar>
    <statusbar>
      <ThemeStatusBar>
        <space>
          <ThemeSpaceGeneric
            back="#282828"
            title="#ffffff"
            text="#ffffff"
            text_hi="#ffffff"
            header="#141414ff"
            header_text="#ffffff"
            header_text_hi="#ffffff"
            button="#30303000"
            button_title="#ffffff"
            button_text="#ffffff"
            button_text_hi="#ffffff"
            navigation_bar="#1d1d1dff"
            execution_buts="#303030ff"
            tab_active="#303030"
            tab_inactive="#1d1d1d"
            tab_back="#1d1d1db3"
            tab_outline="#3d3d3dff"
            >
            <panelcolors>
              <ThemePanelColors
                header="#000000ff"
                back="#000000ff"
                sub_back="#0000001a"
                >
              </ThemePanelColors>
            </panelcolors>
          </ThemeSpaceGeneric>
        </space>
      </ThemeStatusBar>
    </statusbar>
    <spreadsheet>
      <ThemeSpreadsheet
        row_alternate="#0000001a"
        >
        <space>
          <ThemeSpaceGeneric
            back="#282828"
            title="#ffffff"
            text="#ffffff"
            text_hi="#ffffff"
            header="#303030ff"
            header_text="#ffffff"
            header_text_hi="#ffffff"
            button="#30303000"
            button_title="#ffffff"
            button_text="#ffffff"
            button_text_hi="#ffffff"
            navigation_bar="#1d1d1dff"
            execution_buts="#303030ff"
            tab_active="#303030"
            tab_inactive="#1d1d1d"
            tab_back="#1d1d1db3"
            tab_outline="#3d3d3dff"
            >
            <panelcolors>
              <ThemePanelColors
                header="#000000ff"
                back="#000000ff"
                sub_back="#0000001a"
                >
              </ThemePanelColors>
            </panelcolors>
          </ThemeSpaceGeneric>
        </space>
        <space_list>
          <ThemeSpaceListGeneric
            list="#282828"
            list_title="#ffffff"
            list_text="#ffffff"
            list_text_hi="#000000"
            >
          </ThemeSpaceListGeneric>
        </space_list>
      </ThemeSpreadsheet>
    </spreadsheet>
    <bone_color_sets>
      <ThemeBoneColorSet
        normal="#800d0d"
        select="#b31212"
        active="#e61717"
        show_colored_constraints="FALSE"
        >
      </ThemeBoneColorSet>
      <ThemeBoneColorSet
        normal="#80460d"
        select="#b36212"
        active="#e67e17"
        show_colored_constraints="FALSE"
        >
      </ThemeBoneColorSet>
      <ThemeBoneColorSet
        normal="#80800d"
        select="#b3b312"
        active="#e6e617"
        show_colored_constraints="FALSE"
        >
      </ThemeBoneColorSet>
      <ThemeBoneColorSet
        normal="#46800d"
        select="#62b312"
        active="#7ee617"
        show_colored_constraints="FALSE"
        >
      </ThemeBoneColorSet>
      <ThemeBoneColorSet
        normal="#0d800d"
        select="#12b312"
        active="#17e617"
        show_colored_constraints="FALSE"
        >
      </ThemeBoneColorSet>
      <ThemeBoneColorSet
        normal="#0d8046"
        select="#12b362"
        active="#17e67e"
        show_colored_constraints="FALSE"
        >
      </ThemeBoneColorSet>
      <ThemeBoneColorSet
        normal="#0d8080"
        select="#12b3b3"
        active="#17e6e6"
        show_colored_constraints="FALSE"
        >
      </ThemeBoneColorSet>
      <ThemeBoneColorSet
        normal="#0d0d80"
        select="#1212b3"
        active="#1717e6"
        show_colored_constraints="FALSE"
        >
      </ThemeBoneColorSet>
      <ThemeBoneColorSet
        normal="#0d4680"
        select="#1262b3"
        active="#177ee6"
        show_colored_constraints="FALSE"
        >
      </ThemeBoneColorSet>
      <ThemeBoneColorSet
        normal="#460d80"
        select="#6212b3"
        active="#7e17e6"
        show_colored_constraints="FALSE"
        >
      </ThemeBoneColorSet>
      <ThemeBoneColorSet
        normal="#800d80"
        select="#b312b3"
        active="#e617e6"
        show_colored_constraints="FALSE"
        >
      </ThemeBoneColorSet>
      <ThemeBoneColorSet
        normal="#800d46"
        select="#b31262"
        active="#e6177e"
        show_colored_constraints="FALSE"
        >
      </ThemeBoneColorSet>
      <ThemeBoneColorSet
        normal="#800d0d"
        select="#b31212"
        active="#e61717"
        show_colored_constraints="FALSE"
        >
      </ThemeBoneColorSet>
      <ThemeBoneColorSet
        normal="#80460d"
        select="#b36212"
        active="#e67e17"
        show_colored_constraints="FALSE"
        >
      </ThemeBoneColorSet>
      <ThemeBoneColorSet
        normal="#80800d"
        select="#b3b312"
        active="#e6e617"
        show_colored_constraints="FALSE"
        >
      </ThemeBoneColorSet>
      <ThemeBoneColorSet
        normal="#46800d"
        select="#62b312"
        active="#7ee617"
        show_colored_constraints="FALSE"
        >
      </ThemeBoneColorSet>
      <ThemeBoneColorSet
        normal="#0d800d"
        select="#12b312"
        active="#17e617"
        show_colored_constraints="FALSE"
        >
      </ThemeBoneColorSet>
      <ThemeBoneColorSet
        normal="#0d8046"
        select="#12b362"
        active="#17e67e"
        show_colored_constraints="FALSE"
        >
      </ThemeBoneColorSet>
      <ThemeBoneColorSet
        normal="#0d8080"
        select="#12b3b3"
        active="#17e6e6"
        show_colored_constraints="FALSE"
        >
      </ThemeBoneColorSet>
      <ThemeBoneColorSet
        normal="#0d0d80"
        select="#1212b3"
        active="#1717e6"
        show_colored_constraints="FALSE"
        >
      </ThemeBoneColorSet>
    </bone_color_sets>
    <collection_color>
      <ThemeCollectionColor
        color="#e65c5c"
        >
      </ThemeCollectionColor>
      <ThemeCollectionColor
        color="#e6a15c"
        >
      </ThemeCollectionColor>
      <ThemeCollectionColor
        color="#e6e65c"
        >
      </ThemeCollectionColor>
      <ThemeCollectionColor
        color="#a1e65c"
        >
      </ThemeCollectionColor>
      <ThemeCollectionColor
        color="#5ce6e6"
        >
      </ThemeCollectionColor>
      <ThemeCollectionColor
        color="#5ca1e6"
        >
      </ThemeCollectionColor>
      <ThemeCollectionColor
        color="#a15ce6"
        >
      </ThemeCollectionColor>
      <ThemeCollectionColor
        color="#803359"
        >
      </ThemeCollectionColor>
    </collection_color>
    <strip_color>
      <ThemeStripColor
        color="#e65c5c"
        >
      </ThemeStripColor>
      <ThemeStripColor
        color="#e6a15c"
        >
      </ThemeStripColor>
      <ThemeStripColor
        color="#e6e65c"
        >
      </ThemeStripColor>
      <ThemeStripColor
        color="#a1e65c"
        >
      </ThemeStripColor>
      <ThemeStripColor
        color="#5ce6e6"
        >
      </ThemeStripColor>
      <ThemeStripColor
        color="#5ca1e6"
        >
      </ThemeStripColor>
      <ThemeStripColor
        color="#a15ce6"
        >
      </ThemeStripColor>
      <ThemeStripColor
        color="#803359"
        >
      </ThemeStripColor>
      <ThemeStripColor
        color="#404040"
        >
      </ThemeStripColor>
    </strip_color>
  </Theme>
  <ThemeStyle>
    <panel_title>
      <ThemeFontStyle
        points="11"
        character_weight="400"
        shadow="3"
        shadow_offset_x="0"
        shadow_offset_y="-1"
        shadow_alpha="0"
        shadow_value="0"
        >
      </ThemeFontStyle>
    </panel_title>
    <widget_label>
      <ThemeFontStyle
        points="11"
        character_weight="400"
        shadow="3"
        shadow_offset_x="0"
        shadow_offset_y="-1"
        shadow_alpha="0"
        shadow_value="0.5"
        >
      </ThemeFontStyle>
    </widget_label>
    <widget>
      <ThemeFontStyle
        points="11"
        character_weight="400"
        shadow="3"
        shadow_offset_x="0"
        shadow_offset_y="-1"
        shadow_alpha="0.5"
        shadow_value="0"
        >
      </ThemeFontStyle>
    </widget>
  </ThemeStyle>
</bpy>
